amino_acid_position,mutation_type,n_barcodes,n_support,n_agree,pct_support,pct_agree
1,PTC,4,2,2,0.5,0.5
1,synonymous,18,2,8,0.1111111111111111,0.4444444444444444
2,missense,3,1,1,0.3333333333333333,0.3333333333333333
2,synonymous,2,0,1,0.0,0.5
3,missense,3,0,1,0.0,0.3333333333333333
3,synonymous,3,0,1,0.0,0.3333333333333333
4,missense,3,1,2,0.3333333333333333,0.6666666666666666
4,synonymous,2,0,1,0.0,0.5
5,missense,4,0,0,0.0,0.0
5,synonymous,11,1,5,0.09090909090909091,0.45454545454545453
6,missense,3,0,1,0.0,0.3333333333333333
6,synonymous,4,1,2,0.25,0.5
7,missense,5,1,1,0.2,0.2
7,synonymous,3,0,2,0.0,0.6666666666666666
8,missense,5,0,0,0.0,0.0
8,synonymous,8,1,4,0.125,0.5
9,missense,1,0,0,0.0,0.0
9,synonymous,5,0,4,0.0,0.8
10,missense,8,3,5,0.375,0.625
10,synonymous,13,1,3,0.07692307692307693,0.23076923076923078
11,missense,11,1,4,0.09090909090909091,0.36363636363636365
11,synonymous,11,2,5,0.18181818181818182,0.45454545454545453
12,missense,6,0,1,0.0,0.16666666666666666
12,synonymous,5,0,4,0.0,0.8
13,missense,6,0,2,0.0,0.3333333333333333
13,synonymous,15,4,6,0.26666666666666666,0.4
14,missense,4,2,3,0.5,0.75
14,synonymous,8,1,4,0.125,0.5
15,missense,6,1,4,0.16666666666666666,0.6666666666666666
15,synonymous,7,2,6,0.2857142857142857,0.8571428571428571
16,missense,15,5,11,0.3333333333333333,0.7333333333333333
16,synonymous,6,1,4,0.16666666666666666,0.6666666666666666
17,missense,8,0,2,0.0,0.25
17,synonymous,8,1,4,0.125,0.5
18,missense,10,0,4,0.0,0.4
18,synonymous,13,3,8,0.23076923076923078,0.6153846153846154
19,missense,5,1,1,0.2,0.2
19,synonymous,2,0,0,0.0,0.0
20,missense,5,1,2,0.2,0.4
20,synonymous,7,0,3,0.0,0.42857142857142855
21,missense,2,0,0,0.0,0.0
21,synonymous,3,1,1,0.3333333333333333,0.3333333333333333
22,missense,16,1,9,0.0625,0.5625
22,synonymous,14,0,7,0.0,0.5
23,missense,6,0,4,0.0,0.6666666666666666
23,synonymous,7,0,2,0.0,0.2857142857142857
24,missense,6,1,4,0.16666666666666666,0.6666666666666666
24,synonymous,5,1,2,0.2,0.4
25,missense,2,1,1,0.5,0.5
25,synonymous,1,0,0,0.0,0.0
26,missense,7,2,5,0.2857142857142857,0.7142857142857143
26,synonymous,4,0,1,0.0,0.25
27,missense,5,1,5,0.2,1.0
27,synonymous,4,0,2,0.0,0.5
28,missense,3,0,0,0.0,0.0
29,missense,5,0,3,0.0,0.6
29,synonymous,6,0,3,0.0,0.5
30,missense,3,1,2,0.3333333333333333,0.6666666666666666
31,missense,2,0,0,0.0,0.0
31,synonymous,9,0,3,0.0,0.3333333333333333
32,missense,5,0,2,0.0,0.4
32,synonymous,2,0,0,0.0,0.0
33,missense,8,0,5,0.0,0.625
33,synonymous,10,1,3,0.1,0.3
34,missense,5,1,2,0.2,0.4
34,synonymous,3,0,2,0.0,0.6666666666666666
35,missense,6,0,3,0.0,0.5
35,synonymous,1,0,0,0.0,0.0
36,missense,3,0,0,0.0,0.0
37,missense,6,0,3,0.0,0.5
38,synonymous,9,3,4,0.3333333333333333,0.4444444444444444
39,missense,5,0,1,0.0,0.2
39,synonymous,9,1,6,0.1111111111111111,0.6666666666666666
40,missense,4,0,0,0.0,0.0
40,synonymous,3,0,0,0.0,0.0
41,missense,2,1,1,0.5,0.5
41,synonymous,4,0,2,0.0,0.5
42,missense,4,0,0,0.0,0.0
42,synonymous,3,1,2,0.3333333333333333,0.6666666666666666
43,missense,3,1,1,0.3333333333333333,0.3333333333333333
43,synonymous,1,0,0,0.0,0.0
44,synonymous,2,0,1,0.0,0.5
45,missense,1,1,1,1.0,1.0
47,missense,1,0,0,0.0,0.0
48,missense,1,0,0,0.0,0.0
48,synonymous,2,0,1,0.0,0.5
49,missense,1,0,0,0.0,0.0
49,synonymous,3,0,0,0.0,0.0
50,PTC,1,0,0,0.0,0.0
50,synonymous,1,0,1,0.0,1.0
51,missense,2,0,1,0.0,0.5
51,synonymous,2,0,0,0.0,0.0
52,missense,3,0,2,0.0,0.6666666666666666
52,synonymous,3,0,2,0.0,0.6666666666666666
53,missense,4,2,4,0.5,1.0
53,synonymous,5,1,3,0.2,0.6
54,missense,8,0,3,0.0,0.375
54,synonymous,6,0,1,0.0,0.16666666666666666
55,missense,6,1,3,0.16666666666666666,0.5
55,synonymous,3,1,2,0.3333333333333333,0.6666666666666666
56,missense,5,0,1,0.0,0.2
56,synonymous,8,0,4,0.0,0.5
57,missense,10,1,4,0.1,0.4
57,synonymous,13,0,5,0.0,0.38461538461538464
58,missense,5,2,2,0.4,0.4
58,synonymous,6,2,3,0.3333333333333333,0.5
59,missense,8,0,2,0.0,0.25
59,synonymous,6,0,1,0.0,0.16666666666666666
60,missense,8,1,5,0.125,0.625
60,synonymous,8,0,4,0.0,0.5
61,missense,5,0,3,0.0,0.6
61,synonymous,1,0,0,0.0,0.0
62,missense,5,0,1,0.0,0.2
62,synonymous,2,0,0,0.0,0.0
63,missense,6,0,2,0.0,0.3333333333333333
63,synonymous,4,0,0,0.0,0.0
64,missense,8,0,2,0.0,0.25
64,synonymous,3,0,1,0.0,0.3333333333333333
65,missense,9,1,4,0.1111111111111111,0.4444444444444444
65,synonymous,12,1,7,0.08333333333333333,0.5833333333333334
66,missense,2,0,1,0.0,0.5
66,synonymous,6,0,0,0.0,0.0
67,missense,4,0,3,0.0,0.75
67,synonymous,4,0,2,0.0,0.5
68,missense,5,1,2,0.2,0.4
68,synonymous,3,0,0,0.0,0.0
69,missense,1,0,1,0.0,1.0
70,synonymous,5,0,2,0.0,0.4
71,missense,2,1,1,0.5,0.5
71,synonymous,3,1,2,0.3333333333333333,0.6666666666666666
72,missense,2,2,2,1.0,1.0
72,synonymous,8,0,3,0.0,0.375
73,missense,5,1,1,0.2,0.2
73,synonymous,8,1,4,0.125,0.5
74,missense,5,0,1,0.0,0.2
74,synonymous,4,1,1,0.25,0.25
75,missense,3,1,2,0.3333333333333333,0.6666666666666666
75,synonymous,4,0,3,0.0,0.75
76,missense,3,1,1,0.3333333333333333,0.3333333333333333
77,missense,6,1,2,0.16666666666666666,0.3333333333333333
78,missense,2,0,1,0.0,0.5
78,synonymous,3,0,1,0.0,0.3333333333333333
79,missense,4,0,2,0.0,0.5
79,synonymous,1,0,0,0.0,0.0
80,missense,7,1,3,0.14285714285714285,0.42857142857142855
80,synonymous,3,1,1,0.3333333333333333,0.3333333333333333
81,missense,1,0,0,0.0,0.0
81,synonymous,1,0,1,0.0,1.0
82,missense,4,0,1,0.0,0.25
82,synonymous,1,0,0,0.0,0.0
83,missense,2,0,0,0.0,0.0
83,synonymous,3,0,2,0.0,0.6666666666666666
84,missense,3,0,2,0.0,0.6666666666666666
84,synonymous,4,1,1,0.25,0.25
85,missense,1,1,1,1.0,1.0
85,synonymous,3,0,0,0.0,0.0
86,missense,3,0,2,0.0,0.6666666666666666
86,synonymous,2,0,2,0.0,1.0
87,missense,2,0,0,0.0,0.0
87,synonymous,6,1,1,0.16666666666666666,0.16666666666666666
88,missense,2,0,0,0.0,0.0
88,synonymous,5,0,2,0.0,0.4
89,missense,5,1,3,0.2,0.6
89,synonymous,1,1,1,1.0,1.0
90,missense,3,0,2,0.0,0.6666666666666666
90,synonymous,5,0,3,0.0,0.6
91,missense,3,0,1,0.0,0.3333333333333333
91,synonymous,2,0,1,0.0,0.5
92,missense,2,0,1,0.0,0.5
92,synonymous,3,1,2,0.3333333333333333,0.6666666666666666
93,missense,5,1,1,0.2,0.2
93,synonymous,1,0,1,0.0,1.0
94,missense,3,0,1,0.0,0.3333333333333333
94,synonymous,13,4,6,0.3076923076923077,0.46153846153846156
95,missense,3,0,0,0.0,0.0
95,synonymous,11,2,6,0.18181818181818182,0.5454545454545454
96,missense,8,0,4,0.0,0.5
96,synonymous,5,1,1,0.2,0.2
97,missense,7,0,2,0.0,0.2857142857142857
97,synonymous,14,2,3,0.14285714285714285,0.21428571428571427
98,missense,19,6,11,0.3157894736842105,0.5789473684210527
98,synonymous,17,3,10,0.17647058823529413,0.5882352941176471
99,missense,6,0,4,0.0,0.6666666666666666
100,missense,1,0,0,0.0,0.0
100,synonymous,6,1,3,0.16666666666666666,0.5
101,missense,5,0,1,0.0,0.2
102,missense,1,0,0,0.0,0.0
102,synonymous,3,0,1,0.0,0.3333333333333333
103,missense,5,1,3,0.2,0.6
103,synonymous,1,0,1,0.0,1.0
104,missense,5,0,2,0.0,0.4
104,synonymous,6,0,2,0.0,0.3333333333333333
105,missense,1,0,0,0.0,0.0
105,synonymous,3,1,1,0.3333333333333333,0.3333333333333333
106,missense,1,0,1,0.0,1.0
106,synonymous,3,0,2,0.0,0.6666666666666666
107,missense,1,0,0,0.0,0.0
107,synonymous,2,0,0,0.0,0.0
108,missense,1,1,1,1.0,1.0
109,missense,1,0,0,0.0,0.0
110,synonymous,1,0,1,0.0,1.0
111,synonymous,1,0,0,0.0,0.0
112,missense,3,0,2,0.0,0.6666666666666666
112,synonymous,3,0,2,0.0,0.6666666666666666
113,missense,1,0,1,0.0,1.0
113,synonymous,5,0,1,0.0,0.2
114,synonymous,2,0,1,0.0,0.5
115,missense,9,0,7,0.0,0.7777777777777778
115,synonymous,5,1,3,0.2,0.6
116,missense,4,1,3,0.25,0.75
116,synonymous,4,0,1,0.0,0.25
117,missense,2,0,1,0.0,0.5
117,synonymous,4,1,3,0.25,0.75
118,missense,7,2,4,0.2857142857142857,0.5714285714285714
118,synonymous,6,1,2,0.16666666666666666,0.3333333333333333
119,missense,9,2,5,0.2222222222222222,0.5555555555555556
119,synonymous,6,2,3,0.3333333333333333,0.5
120,missense,5,1,2,0.2,0.4
120,synonymous,7,0,2,0.0,0.2857142857142857
121,missense,8,1,4,0.125,0.5
121,synonymous,13,6,8,0.46153846153846156,0.6153846153846154
122,missense,10,3,5,0.3,0.5
122,synonymous,7,4,4,0.5714285714285714,0.5714285714285714
123,missense,10,1,6,0.1,0.6
123,synonymous,12,1,5,0.08333333333333333,0.4166666666666667
124,missense,16,3,6,0.1875,0.375
124,synonymous,16,2,5,0.125,0.3125
125,missense,13,1,5,0.07692307692307693,0.38461538461538464
125,synonymous,2,1,1,0.5,0.5
126,missense,9,2,5,0.2222222222222222,0.5555555555555556
126,synonymous,31,6,16,0.1935483870967742,0.5161290322580645
127,missense,11,5,9,0.45454545454545453,0.8181818181818182
128,missense,16,2,5,0.125,0.3125
128,synonymous,22,4,11,0.18181818181818182,0.5
129,missense,28,5,13,0.17857142857142858,0.4642857142857143
129,synonymous,14,1,7,0.07142857142857142,0.5
130,missense,15,1,7,0.06666666666666667,0.4666666666666667
130,synonymous,1,0,0,0.0,0.0
131,missense,8,6,7,0.75,0.875
131,synonymous,14,2,6,0.14285714285714285,0.42857142857142855
132,missense,4,0,2,0.0,0.5
132,synonymous,19,2,8,0.10526315789473684,0.42105263157894735
133,missense,7,2,3,0.2857142857142857,0.42857142857142855
133,synonymous,13,1,7,0.07692307692307693,0.5384615384615384
134,missense,2,1,1,0.5,0.5
134,synonymous,15,1,6,0.06666666666666667,0.4
135,missense,12,2,8,0.16666666666666666,0.6666666666666666
135,synonymous,5,1,1,0.2,0.2
136,missense,9,1,6,0.1111111111111111,0.6666666666666666
136,synonymous,1,0,1,0.0,1.0
137,missense,3,0,2,0.0,0.6666666666666666
137,synonymous,1,0,1,0.0,1.0
138,missense,7,0,4,0.0,0.5714285714285714
138,synonymous,4,2,4,0.5,1.0
139,missense,1,0,0,0.0,0.0
139,synonymous,12,3,4,0.25,0.3333333333333333
140,missense,3,1,3,0.3333333333333333,1.0
140,synonymous,3,1,2,0.3333333333333333,0.6666666666666666
141,missense,11,2,4,0.18181818181818182,0.36363636363636365
141,synonymous,8,2,5,0.25,0.625
142,missense,9,1,4,0.1111111111111111,0.4444444444444444
142,synonymous,8,1,3,0.125,0.375
143,missense,6,1,4,0.16666666666666666,0.6666666666666666
143,synonymous,5,0,3,0.0,0.6
144,missense,15,0,6,0.0,0.4
144,synonymous,16,4,9,0.25,0.5625
145,missense,12,0,5,0.0,0.4166666666666667
145,synonymous,12,4,6,0.3333333333333333,0.5
146,missense,20,2,10,0.1,0.5
146,synonymous,14,2,5,0.14285714285714285,0.35714285714285715
147,missense,16,1,7,0.0625,0.4375
147,synonymous,4,0,1,0.0,0.25
148,missense,12,3,4,0.25,0.3333333333333333
148,synonymous,5,1,3,0.2,0.6
149,missense,14,3,11,0.21428571428571427,0.7857142857142857
149,synonymous,21,3,10,0.14285714285714285,0.47619047619047616
150,missense,15,1,9,0.06666666666666667,0.6
150,synonymous,3,0,1,0.0,0.3333333333333333
151,missense,6,1,3,0.16666666666666666,0.5
151,synonymous,3,0,0,0.0,0.0
152,missense,7,3,5,0.42857142857142855,0.7142857142857143
152,synonymous,2,1,2,0.5,1.0
153,missense,4,0,1,0.0,0.25
153,synonymous,7,1,3,0.14285714285714285,0.42857142857142855
154,missense,3,0,2,0.0,0.6666666666666666
154,synonymous,4,1,2,0.25,0.5
155,missense,5,0,2,0.0,0.4
155,synonymous,5,0,3,0.0,0.6
156,missense,5,0,3,0.0,0.6
156,synonymous,13,2,8,0.15384615384615385,0.6153846153846154
157,missense,7,0,2,0.0,0.2857142857142857
157,synonymous,4,0,3,0.0,0.75
158,missense,5,0,2,0.0,0.4
158,synonymous,5,1,1,0.2,0.2
159,missense,7,1,3,0.14285714285714285,0.42857142857142855
159,synonymous,3,1,1,0.3333333333333333,0.3333333333333333
160,missense,8,0,1,0.0,0.125
160,synonymous,4,2,3,0.5,0.75
161,missense,11,1,4,0.09090909090909091,0.36363636363636365
161,synonymous,5,0,4,0.0,0.8
162,missense,10,0,3,0.0,0.3
162,synonymous,4,0,2,0.0,0.5
163,missense,10,1,5,0.1,0.5
163,synonymous,5,1,2,0.2,0.4
164,missense,6,1,4,0.16666666666666666,0.6666666666666666
165,missense,3,0,0,0.0,0.0
165,synonymous,2,0,0,0.0,0.0
166,missense,3,0,2,0.0,0.6666666666666666
166,synonymous,6,1,3,0.16666666666666666,0.5
167,missense,1,1,1,1.0,1.0
167,synonymous,8,0,4,0.0,0.5
168,missense,5,0,3,0.0,0.6
168,synonymous,11,3,5,0.2727272727272727,0.45454545454545453
169,missense,4,0,2,0.0,0.5
169,synonymous,9,2,6,0.2222222222222222,0.6666666666666666
170,missense,5,0,2,0.0,0.4
170,synonymous,7,2,2,0.2857142857142857,0.2857142857142857
171,missense,8,1,5,0.125,0.625
171,synonymous,7,1,3,0.14285714285714285,0.42857142857142855
172,missense,5,1,3,0.2,0.6
172,synonymous,1,0,0,0.0,0.0
173,missense,10,0,4,0.0,0.4
173,synonymous,9,1,1,0.1111111111111111,0.1111111111111111
174,missense,7,1,3,0.14285714285714285,0.42857142857142855
174,synonymous,4,0,0,0.0,0.0
175,missense,14,0,4,0.0,0.2857142857142857
175,synonymous,3,0,3,0.0,1.0
176,missense,7,0,1,0.0,0.14285714285714285
176,synonymous,9,3,6,0.3333333333333333,0.6666666666666666
177,missense,3,0,2,0.0,0.6666666666666666
177,synonymous,13,4,5,0.3076923076923077,0.38461538461538464
178,missense,2,0,2,0.0,1.0
178,synonymous,6,1,3,0.16666666666666666,0.5
179,missense,5,0,2,0.0,0.4
179,synonymous,3,1,1,0.3333333333333333,0.3333333333333333
180,missense,10,1,2,0.1,0.2
180,synonymous,11,1,4,0.09090909090909091,0.36363636363636365
181,missense,7,2,4,0.2857142857142857,0.5714285714285714
181,synonymous,3,0,0,0.0,0.0
182,missense,12,2,4,0.16666666666666666,0.3333333333333333
182,synonymous,9,2,4,0.2222222222222222,0.4444444444444444
183,missense,11,1,5,0.09090909090909091,0.45454545454545453
183,synonymous,15,0,4,0.0,0.26666666666666666
184,missense,15,2,7,0.13333333333333333,0.4666666666666667
184,synonymous,12,3,6,0.25,0.5
185,missense,14,3,4,0.21428571428571427,0.2857142857142857
185,synonymous,12,2,8,0.16666666666666666,0.6666666666666666
186,missense,17,3,9,0.17647058823529413,0.5294117647058824
186,synonymous,10,1,6,0.1,0.6
187,missense,8,0,4,0.0,0.5
187,synonymous,10,0,3,0.0,0.3
188,missense,13,2,8,0.15384615384615385,0.6153846153846154
188,synonymous,2,1,2,0.5,1.0
189,missense,6,3,5,0.5,0.8333333333333334
190,missense,12,1,7,0.08333333333333333,0.5833333333333334
190,synonymous,5,0,2,0.0,0.4
191,missense,11,2,5,0.18181818181818182,0.45454545454545453
191,synonymous,15,0,6,0.0,0.4
192,missense,7,2,2,0.2857142857142857,0.2857142857142857
192,synonymous,11,1,5,0.09090909090909091,0.45454545454545453
193,missense,10,4,5,0.4,0.5
193,synonymous,8,1,5,0.125,0.625
194,missense,5,2,5,0.4,1.0
194,synonymous,7,1,3,0.14285714285714285,0.42857142857142855
195,missense,8,1,2,0.125,0.25
195,synonymous,4,1,3,0.25,0.75
196,missense,4,0,1,0.0,0.25
196,synonymous,4,0,1,0.0,0.25
197,missense,5,0,2,0.0,0.4
197,synonymous,5,1,2,0.2,0.4
198,missense,16,1,5,0.0625,0.3125
198,synonymous,7,3,4,0.42857142857142855,0.5714285714285714
199,missense,7,1,4,0.14285714285714285,0.5714285714285714
199,synonymous,6,0,1,0.0,0.16666666666666666
200,PTC,6,6,6,1.0,1.0
200,missense,6,0,5,0.0,0.8333333333333334
200,synonymous,6,0,4,0.0,0.6666666666666666
201,missense,8,2,3,0.25,0.375
201,synonymous,19,2,6,0.10526315789473684,0.3157894736842105
202,missense,9,4,6,0.4444444444444444,0.6666666666666666
202,synonymous,8,1,4,0.125,0.5
203,missense,10,3,5,0.3,0.5
203,synonymous,12,1,4,0.08333333333333333,0.3333333333333333
204,missense,7,1,3,0.14285714285714285,0.42857142857142855
204,synonymous,1,0,0,0.0,0.0
205,missense,10,1,7,0.1,0.7
205,synonymous,2,1,1,0.5,0.5
206,missense,11,0,6,0.0,0.5454545454545454
206,synonymous,4,1,2,0.25,0.5
207,missense,3,0,1,0.0,0.3333333333333333
207,synonymous,14,3,6,0.21428571428571427,0.42857142857142855
208,missense,15,1,10,0.06666666666666667,0.6666666666666666
208,synonymous,6,1,3,0.16666666666666666,0.5
209,missense,3,1,2,0.3333333333333333,0.6666666666666666
209,synonymous,4,0,2,0.0,0.5
210,missense,7,3,3,0.42857142857142855,0.42857142857142855
210,synonymous,4,0,0,0.0,0.0
211,missense,8,2,3,0.25,0.375
211,synonymous,4,1,3,0.25,0.75
212,missense,8,2,4,0.25,0.5
212,synonymous,2,0,0,0.0,0.0
213,missense,3,0,2,0.0,0.6666666666666666
214,missense,2,0,1,0.0,0.5
214,synonymous,2,1,1,0.5,0.5
215,missense,3,0,0,0.0,0.0
215,synonymous,6,2,5,0.3333333333333333,0.8333333333333334
216,missense,11,4,7,0.36363636363636365,0.6363636363636364
216,synonymous,2,1,1,0.5,0.5
217,missense,8,1,4,0.125,0.5
217,synonymous,4,1,2,0.25,0.5
218,missense,2,0,2,0.0,1.0
218,synonymous,1,1,1,1.0,1.0
219,missense,1,0,0,0.0,0.0
219,synonymous,2,0,1,0.0,0.5
220,missense,4,0,2,0.0,0.5
220,synonymous,3,0,2,0.0,0.6666666666666666
221,missense,1,0,1,0.0,1.0
221,synonymous,5,0,3,0.0,0.6
222,missense,2,0,2,0.0,1.0
222,synonymous,4,0,1,0.0,0.25
223,synonymous,2,0,0,0.0,0.0
224,missense,1,0,0,0.0,0.0
224,synonymous,3,0,0,0.0,0.0
225,missense,1,1,1,1.0,1.0
226,missense,3,1,1,0.3333333333333333,0.3333333333333333
226,synonymous,8,1,7,0.125,0.875
227,missense,5,1,3,0.2,0.6
228,missense,4,0,1,0.0,0.25
228,synonymous,7,1,3,0.14285714285714285,0.42857142857142855
229,missense,1,0,0,0.0,0.0
230,missense,1,0,1,0.0,1.0
231,missense,3,0,1,0.0,0.3333333333333333
231,synonymous,7,1,3,0.14285714285714285,0.42857142857142855
232,missense,2,1,1,0.5,0.5
232,synonymous,4,0,2,0.0,0.5
233,missense,1,0,0,0.0,0.0
233,synonymous,4,0,1,0.0,0.25
234,missense,2,0,0,0.0,0.0
234,synonymous,4,1,3,0.25,0.75
235,missense,5,0,0,0.0,0.0
235,synonymous,12,2,4,0.16666666666666666,0.3333333333333333
236,missense,6,1,1,0.16666666666666666,0.16666666666666666
236,synonymous,9,1,4,0.1111111111111111,0.4444444444444444
237,missense,4,1,1,0.25,0.25
237,synonymous,3,0,0,0.0,0.0
238,missense,1,0,1,0.0,1.0
238,synonymous,2,0,0,0.0,0.0
239,missense,3,1,2,0.3333333333333333,0.6666666666666666
239,synonymous,1,0,0,0.0,0.0
240,missense,3,0,1,0.0,0.3333333333333333
240,synonymous,10,0,2,0.0,0.2
241,missense,3,0,0,0.0,0.0
241,synonymous,5,0,2,0.0,0.4
242,missense,4,0,1,0.0,0.25
242,synonymous,6,1,3,0.16666666666666666,0.5
243,missense,6,1,3,0.16666666666666666,0.5
244,missense,5,0,2,0.0,0.4
244,synonymous,1,1,1,1.0,1.0
245,synonymous,2,0,1,0.0,0.5
247,missense,5,0,1,0.0,0.2
247,synonymous,1,0,0,0.0,0.0
248,missense,1,1,1,1.0,1.0
251,missense,4,0,0,0.0,0.0
251,synonymous,4,2,2,0.5,0.5
252,missense,1,0,0,0.0,0.0
253,missense,2,1,1,0.5,0.5
253,synonymous,2,0,0,0.0,0.0
254,missense,1,1,1,1.0,1.0
254,synonymous,5,1,2,0.2,0.4
255,missense,5,1,3,0.2,0.6
255,synonymous,5,1,1,0.2,0.2
256,missense,3,0,0,0.0,0.0
256,synonymous,4,1,1,0.25,0.25
257,missense,3,0,1,0.0,0.3333333333333333
257,synonymous,3,0,2,0.0,0.6666666666666666
258,missense,5,0,2,0.0,0.4
258,synonymous,4,0,3,0.0,0.75
259,missense,3,0,1,0.0,0.3333333333333333
259,synonymous,3,0,0,0.0,0.0
260,missense,4,2,4,0.5,1.0
260,synonymous,6,1,3,0.16666666666666666,0.5
261,missense,3,1,2,0.3333333333333333,0.6666666666666666
261,synonymous,4,0,2,0.0,0.5
262,missense,3,1,3,0.3333333333333333,1.0
262,synonymous,3,0,0,0.0,0.0
263,missense,2,0,1,0.0,0.5
263,synonymous,4,2,4,0.5,1.0
264,missense,3,1,2,0.3333333333333333,0.6666666666666666
264,synonymous,3,1,1,0.3333333333333333,0.3333333333333333
265,missense,5,1,3,0.2,0.6
265,synonymous,3,2,2,0.6666666666666666,0.6666666666666666
266,missense,6,0,4,0.0,0.6666666666666666
266,synonymous,9,2,4,0.2222222222222222,0.4444444444444444
267,missense,7,0,3,0.0,0.42857142857142855
267,synonymous,7,1,5,0.14285714285714285,0.7142857142857143
268,missense,6,0,2,0.0,0.3333333333333333
268,synonymous,7,1,3,0.14285714285714285,0.42857142857142855
269,missense,11,2,7,0.18181818181818182,0.6363636363636364
269,synonymous,5,1,1,0.2,0.2
270,missense,2,0,0,0.0,0.0
270,synonymous,5,1,2,0.2,0.4
271,missense,6,1,2,0.16666666666666666,0.3333333333333333
272,missense,5,0,2,0.0,0.4
272,synonymous,4,1,1,0.25,0.25
273,missense,1,0,0,0.0,0.0
273,synonymous,7,1,3,0.14285714285714285,0.42857142857142855
274,missense,5,0,0,0.0,0.0
274,synonymous,2,0,0,0.0,0.0
275,missense,1,0,1,0.0,1.0
275,synonymous,7,2,3,0.2857142857142857,0.42857142857142855
276,missense,3,0,0,0.0,0.0
277,missense,1,0,0,0.0,0.0
277,synonymous,2,0,1,0.0,0.5
278,missense,1,0,0,0.0,0.0
278,synonymous,2,0,1,0.0,0.5
279,missense,4,0,2,0.0,0.5
279,synonymous,3,0,1,0.0,0.3333333333333333
280,missense,7,1,3,0.14285714285714285,0.42857142857142855
280,synonymous,4,1,3,0.25,0.75
281,missense,6,2,5,0.3333333333333333,0.8333333333333334
281,synonymous,2,0,1,0.0,0.5
282,missense,2,1,2,0.5,1.0
282,synonymous,3,1,2,0.3333333333333333,0.6666666666666666
283,missense,6,1,3,0.16666666666666666,0.5
283,synonymous,5,1,3,0.2,0.6
284,missense,2,0,0,0.0,0.0
284,synonymous,8,1,5,0.125,0.625
285,missense,1,0,0,0.0,0.0
285,synonymous,8,1,4,0.125,0.5
286,synonymous,4,0,4,0.0,1.0
287,missense,1,0,0,0.0,0.0
288,missense,3,0,1,0.0,0.3333333333333333
288,synonymous,9,4,6,0.4444444444444444,0.6666666666666666
289,missense,2,0,1,0.0,0.5
290,missense,5,1,2,0.2,0.4
290,synonymous,3,1,2,0.3333333333333333,0.6666666666666666
291,missense,7,0,2,0.0,0.2857142857142857
291,synonymous,4,0,2,0.0,0.5
292,synonymous,2,0,0,0.0,0.0
293,missense,9,2,5,0.2222222222222222,0.5555555555555556
293,synonymous,9,0,4,0.0,0.4444444444444444
294,missense,12,2,8,0.16666666666666666,0.6666666666666666
294,synonymous,28,2,15,0.07142857142857142,0.5357142857142857
295,missense,4,1,3,0.25,0.75
296,missense,3,1,2,0.3333333333333333,0.6666666666666666
296,synonymous,4,0,1,0.0,0.25
297,missense,5,1,3,0.2,0.6
297,synonymous,2,1,1,0.5,0.5
298,missense,6,1,3,0.16666666666666666,0.5
298,synonymous,5,0,4,0.0,0.8
299,missense,6,1,4,0.16666666666666666,0.6666666666666666
299,synonymous,5,1,3,0.2,0.6
300,PTC,1,1,1,1.0,1.0
300,missense,3,0,2,0.0,0.6666666666666666
300,synonymous,3,0,1,0.0,0.3333333333333333
301,missense,3,0,0,0.0,0.0
301,synonymous,5,0,2,0.0,0.4
302,missense,4,0,2,0.0,0.5
302,synonymous,1,0,0,0.0,0.0
303,missense,4,0,0,0.0,0.0
303,synonymous,5,3,3,0.6,0.6
304,missense,11,0,2,0.0,0.18181818181818182
304,synonymous,9,0,2,0.0,0.2222222222222222
305,missense,10,0,6,0.0,0.6
305,synonymous,14,1,6,0.07142857142857142,0.42857142857142855
306,missense,13,3,6,0.23076923076923078,0.46153846153846156
306,synonymous,10,2,7,0.2,0.7
307,missense,7,0,1,0.0,0.14285714285714285
307,synonymous,11,1,2,0.09090909090909091,0.18181818181818182
308,missense,8,1,4,0.125,0.5
308,synonymous,7,1,2,0.14285714285714285,0.2857142857142857
309,missense,10,2,4,0.2,0.4
309,synonymous,5,0,1,0.0,0.2
310,missense,5,0,3,0.0,0.6
310,synonymous,5,3,5,0.6,1.0
311,missense,10,4,5,0.4,0.5
311,synonymous,10,0,2,0.0,0.2
312,missense,2,0,0,0.0,0.0
312,synonymous,5,1,3,0.2,0.6
313,missense,5,0,1,0.0,0.2
313,synonymous,10,1,5,0.1,0.5
314,missense,4,1,3,0.25,0.75
314,synonymous,5,1,3,0.2,0.6
315,missense,9,0,1,0.0,0.1111111111111111
315,synonymous,13,0,5,0.0,0.38461538461538464
316,missense,4,0,1,0.0,0.25
316,synonymous,8,1,3,0.125,0.375
317,missense,1,0,0,0.0,0.0
317,synonymous,8,1,2,0.125,0.25
318,missense,3,1,1,0.3333333333333333,0.3333333333333333
318,synonymous,1,1,1,1.0,1.0
319,synonymous,9,0,3,0.0,0.3333333333333333
320,missense,7,1,3,0.14285714285714285,0.42857142857142855
320,synonymous,27,3,16,0.1111111111111111,0.5925925925925926
321,missense,4,0,2,0.0,0.5
321,synonymous,5,1,2,0.2,0.4
322,missense,15,1,8,0.06666666666666667,0.5333333333333333
322,synonymous,2,0,0,0.0,0.0
323,missense,3,0,1,0.0,0.3333333333333333
323,synonymous,10,1,4,0.1,0.4
324,missense,10,1,3,0.1,0.3
325,missense,10,1,3,0.1,0.3
325,synonymous,4,1,1,0.25,0.25
326,missense,3,1,1,0.3333333333333333,0.3333333333333333
326,synonymous,3,0,0,0.0,0.0
327,missense,2,0,2,0.0,1.0
327,synonymous,1,0,0,0.0,0.0
328,missense,1,0,0,0.0,0.0
328,synonymous,2,0,2,0.0,1.0
329,missense,2,0,1,0.0,0.5
329,synonymous,7,1,4,0.14285714285714285,0.5714285714285714
330,missense,2,2,2,1.0,1.0
330,synonymous,2,1,2,0.5,1.0
331,missense,6,3,3,0.5,0.5
331,synonymous,5,1,3,0.2,0.6
332,missense,4,0,1,0.0,0.25
332,synonymous,3,1,2,0.3333333333333333,0.6666666666666666
333,missense,9,2,4,0.2222222222222222,0.4444444444444444
334,missense,3,0,2,0.0,0.6666666666666666
334,synonymous,2,0,2,0.0,1.0
335,missense,4,0,2,0.0,0.5
335,synonymous,3,0,2,0.0,0.6666666666666666
336,missense,6,1,3,0.16666666666666666,0.5
336,synonymous,4,0,2,0.0,0.5
337,missense,7,2,3,0.2857142857142857,0.42857142857142855
337,synonymous,2,1,2,0.5,1.0
338,missense,1,0,0,0.0,0.0
338,synonymous,4,0,0,0.0,0.0
339,missense,4,3,4,0.75,1.0
339,synonymous,7,2,4,0.2857142857142857,0.5714285714285714
340,missense,8,8,8,1.0,1.0
340,synonymous,5,1,1,0.2,0.2
341,missense,12,1,4,0.08333333333333333,0.3333333333333333
341,synonymous,21,1,9,0.047619047619047616,0.42857142857142855
342,missense,7,5,7,0.7142857142857143,1.0
343,missense,10,0,3,0.0,0.3
343,synonymous,9,1,4,0.1111111111111111,0.4444444444444444
344,missense,7,2,7,0.2857142857142857,1.0
344,synonymous,3,1,2,0.3333333333333333,0.6666666666666666
345,missense,6,2,4,0.3333333333333333,0.6666666666666666
345,synonymous,25,3,12,0.12,0.48
346,missense,5,1,1,0.2,0.2
346,synonymous,5,1,5,0.2,1.0
347,missense,16,1,5,0.0625,0.3125
347,synonymous,12,0,2,0.0,0.16666666666666666
348,missense,15,0,3,0.0,0.2
348,synonymous,10,1,3,0.1,0.3
349,missense,10,0,5,0.0,0.5
349,synonymous,18,4,9,0.2222222222222222,0.5
350,missense,15,1,5,0.06666666666666667,0.3333333333333333
350,synonymous,12,3,5,0.25,0.4166666666666667
351,missense,14,2,5,0.14285714285714285,0.35714285714285715
351,synonymous,5,0,2,0.0,0.4
352,missense,6,1,2,0.16666666666666666,0.3333333333333333
352,synonymous,10,2,5,0.2,0.5
353,missense,5,0,3,0.0,0.6
353,synonymous,3,0,2,0.0,0.6666666666666666
354,missense,2,0,0,0.0,0.0
354,synonymous,6,0,3,0.0,0.5
355,missense,3,0,1,0.0,0.3333333333333333
355,synonymous,3,0,1,0.0,0.3333333333333333
356,missense,6,0,2,0.0,0.3333333333333333
356,synonymous,1,0,0,0.0,0.0
357,missense,2,0,0,0.0,0.0
358,missense,17,4,8,0.23529411764705882,0.47058823529411764
358,synonymous,6,0,2,0.0,0.3333333333333333
359,missense,12,6,9,0.5,0.75
359,synonymous,16,3,8,0.1875,0.5
360,missense,16,2,8,0.125,0.5
360,synonymous,18,1,8,0.05555555555555555,0.4444444444444444
361,missense,12,1,7,0.08333333333333333,0.5833333333333334
361,synonymous,11,1,5,0.09090909090909091,0.45454545454545453
362,missense,13,0,7,0.0,0.5384615384615384
362,synonymous,19,2,12,0.10526315789473684,0.631578947368421
363,missense,9,0,5,0.0,0.5555555555555556
364,missense,9,0,1,0.0,0.1111111111111111
364,synonymous,1,0,0,0.0,0.0
365,missense,11,1,5,0.09090909090909091,0.45454545454545453
365,synonymous,7,0,1,0.0,0.14285714285714285
366,missense,20,4,9,0.2,0.45
366,synonymous,14,2,6,0.14285714285714285,0.42857142857142855
367,missense,14,3,10,0.21428571428571427,0.7142857142857143
367,synonymous,8,1,4,0.125,0.5
368,missense,5,2,3,0.4,0.6
368,synonymous,15,1,9,0.06666666666666667,0.6
369,missense,6,1,3,0.16666666666666666,0.5
369,synonymous,9,1,4,0.1111111111111111,0.4444444444444444
370,missense,5,0,2,0.0,0.4
370,synonymous,6,3,5,0.5,0.8333333333333334
371,missense,9,2,5,0.2222222222222222,0.5555555555555556
371,synonymous,19,2,9,0.10526315789473684,0.47368421052631576
372,missense,7,2,2,0.2857142857142857,0.2857142857142857
372,synonymous,3,0,1,0.0,0.3333333333333333
373,missense,4,0,2,0.0,0.5
373,synonymous,2,0,1,0.0,0.5
374,missense,2,0,1,0.0,0.5
374,synonymous,5,0,2,0.0,0.4
375,missense,12,3,5,0.25,0.4166666666666667
375,synonymous,2,0,2,0.0,1.0
376,missense,8,3,6,0.375,0.75
376,synonymous,2,0,2,0.0,1.0
377,missense,7,1,4,0.14285714285714285,0.5714285714285714
377,synonymous,4,0,3,0.0,0.75
378,synonymous,4,0,0,0.0,0.0
379,missense,6,1,3,0.16666666666666666,0.5
379,synonymous,8,1,4,0.125,0.5
380,missense,4,2,2,0.5,0.5
380,synonymous,10,0,3,0.0,0.3
381,missense,10,2,5,0.2,0.5
381,synonymous,4,0,2,0.0,0.5
382,missense,9,2,5,0.2222222222222222,0.5555555555555556
382,synonymous,9,3,4,0.3333333333333333,0.4444444444444444
383,missense,1,0,0,0.0,0.0
383,synonymous,3,0,2,0.0,0.6666666666666666
384,missense,7,0,2,0.0,0.2857142857142857
384,synonymous,2,0,1,0.0,0.5
385,missense,9,1,2,0.1111111111111111,0.2222222222222222
385,synonymous,16,2,6,0.125,0.375
386,missense,9,1,5,0.1111111111111111,0.5555555555555556
386,synonymous,11,3,7,0.2727272727272727,0.6363636363636364
387,missense,11,3,8,0.2727272727272727,0.7272727272727273
387,synonymous,7,0,0,0.0,0.0
388,missense,14,2,4,0.14285714285714285,0.2857142857142857
388,synonymous,12,1,4,0.08333333333333333,0.3333333333333333
389,missense,7,1,2,0.14285714285714285,0.2857142857142857
389,synonymous,17,4,11,0.23529411764705882,0.6470588235294118
390,missense,6,1,2,0.16666666666666666,0.3333333333333333
390,synonymous,13,3,6,0.23076923076923078,0.46153846153846156
391,missense,7,2,4,0.2857142857142857,0.5714285714285714
391,synonymous,10,3,5,0.3,0.5
392,missense,13,4,7,0.3076923076923077,0.5384615384615384
392,synonymous,11,3,5,0.2727272727272727,0.45454545454545453
393,missense,12,1,4,0.08333333333333333,0.3333333333333333
393,synonymous,14,0,6,0.0,0.42857142857142855
394,missense,12,3,6,0.25,0.5
394,synonymous,8,2,5,0.25,0.625
395,missense,4,0,1,0.0,0.25
395,synonymous,11,0,3,0.0,0.2727272727272727
396,missense,15,1,4,0.06666666666666667,0.26666666666666666
396,synonymous,5,0,2,0.0,0.4
397,missense,7,2,4,0.2857142857142857,0.5714285714285714
397,synonymous,4,0,2,0.0,0.5
398,missense,8,2,5,0.25,0.625
398,synonymous,5,2,4,0.4,0.8
399,missense,4,2,3,0.5,0.75
399,synonymous,5,0,1,0.0,0.2
400,missense,4,1,2,0.25,0.5
400,synonymous,2,0,1,0.0,0.5
401,synonymous,3,0,1,0.0,0.3333333333333333
402,missense,10,1,3,0.1,0.3
402,synonymous,6,1,4,0.16666666666666666,0.6666666666666666
403,missense,4,4,4,1.0,1.0
403,synonymous,4,0,1,0.0,0.25
404,missense,5,1,2,0.2,0.4
404,synonymous,4,0,2,0.0,0.5
405,missense,1,0,0,0.0,0.0
405,synonymous,2,0,2,0.0,1.0
406,missense,4,4,4,1.0,1.0
406,synonymous,2,0,0,0.0,0.0
407,missense,4,1,3,0.25,0.75
407,synonymous,1,0,0,0.0,0.0
408,missense,1,0,0,0.0,0.0
408,synonymous,3,1,2,0.3333333333333333,0.6666666666666666
409,missense,2,2,2,1.0,1.0
409,synonymous,1,0,0,0.0,0.0
410,synonymous,4,0,1,0.0,0.25
411,missense,4,1,3,0.25,0.75
411,synonymous,2,0,0,0.0,0.0
412,missense,2,0,2,0.0,1.0
412,synonymous,4,0,2,0.0,0.5
413,missense,9,7,9,0.7777777777777778,1.0
413,synonymous,1,0,0,0.0,0.0
414,synonymous,1,0,0,0.0,0.0
415,missense,3,2,2,0.6666666666666666,0.6666666666666666
415,synonymous,2,0,1,0.0,0.5
416,missense,6,0,0,0.0,0.0
417,missense,1,0,0,0.0,0.0
417,synonymous,2,0,1,0.0,0.5
418,missense,2,1,2,0.5,1.0
418,synonymous,2,0,2,0.0,1.0
419,synonymous,5,0,2,0.0,0.4
420,missense,2,0,1,0.0,0.5
420,synonymous,1,0,0,0.0,0.0
421,missense,1,1,1,1.0,1.0
423,synonymous,1,0,1,0.0,1.0
424,missense,1,0,0,0.0,0.0
426,missense,2,0,0,0.0,0.0
426,synonymous,1,1,1,1.0,1.0
427,missense,7,1,6,0.14285714285714285,0.8571428571428571
427,synonymous,11,4,8,0.36363636363636365,0.7272727272727273
428,missense,1,1,1,1.0,1.0
428,synonymous,12,1,5,0.08333333333333333,0.4166666666666667
429,missense,8,3,4,0.375,0.5
429,synonymous,5,0,2,0.0,0.4
430,missense,3,2,2,0.6666666666666666,0.6666666666666666
430,synonymous,1,0,0,0.0,0.0
431,missense,4,1,3,0.25,0.75
432,missense,5,1,3,0.2,0.6
432,synonymous,12,3,3,0.25,0.25
433,missense,7,0,4,0.0,0.5714285714285714
433,synonymous,7,0,1,0.0,0.14285714285714285
434,missense,7,2,7,0.2857142857142857,1.0
434,synonymous,10,2,4,0.2,0.4
435,missense,6,1,2,0.16666666666666666,0.3333333333333333
435,synonymous,10,3,6,0.3,0.6
436,missense,6,0,3,0.0,0.5
436,synonymous,7,1,3,0.14285714285714285,0.42857142857142855
437,missense,5,0,4,0.0,0.8
437,synonymous,16,2,7,0.125,0.4375
438,missense,7,1,3,0.14285714285714285,0.42857142857142855
438,synonymous,3,0,2,0.0,0.6666666666666666
439,missense,3,1,2,0.3333333333333333,0.6666666666666666
439,synonymous,5,0,2,0.0,0.4
440,missense,1,0,0,0.0,0.0
440,synonymous,2,0,1,0.0,0.5
441,missense,4,1,2,0.25,0.5
441,synonymous,2,2,2,1.0,1.0
442,missense,3,0,2,0.0,0.6666666666666666
442,synonymous,2,0,0,0.0,0.0
443,missense,6,1,3,0.16666666666666666,0.5
443,synonymous,2,0,0,0.0,0.0
444,missense,3,2,3,0.6666666666666666,1.0
444,synonymous,1,0,0,0.0,0.0
445,missense,2,1,2,0.5,1.0
445,synonymous,1,0,1,0.0,1.0
447,missense,3,0,1,0.0,0.3333333333333333
447,synonymous,5,1,3,0.2,0.6
448,missense,5,1,1,0.2,0.2
448,synonymous,4,1,2,0.25,0.5
449,missense,4,0,2,0.0,0.5
449,synonymous,6,0,0,0.0,0.0
450,missense,7,0,0,0.0,0.0
450,synonymous,7,0,1,0.0,0.14285714285714285
451,missense,6,1,4,0.16666666666666666,0.6666666666666666
451,synonymous,3,1,2,0.3333333333333333,0.6666666666666666
452,missense,4,0,1,0.0,0.25
452,synonymous,4,0,2,0.0,0.5
453,missense,3,0,0,0.0,0.0
453,synonymous,10,1,3,0.1,0.3
454,missense,2,0,0,0.0,0.0
454,synonymous,1,0,0,0.0,0.0
456,missense,6,1,3,0.16666666666666666,0.5
456,synonymous,4,0,2,0.0,0.5
457,missense,3,1,3,0.3333333333333333,1.0
457,synonymous,9,2,3,0.2222222222222222,0.3333333333333333
458,missense,5,1,2,0.2,0.4
458,synonymous,2,1,2,0.5,1.0
459,missense,2,1,1,0.5,0.5
459,synonymous,4,0,2,0.0,0.5
460,missense,1,1,1,1.0,1.0
460,synonymous,3,2,2,0.6666666666666666,0.6666666666666666
461,missense,5,0,2,0.0,0.4
461,synonymous,6,0,4,0.0,0.6666666666666666
462,missense,2,0,1,0.0,0.5
462,synonymous,2,0,0,0.0,0.0
463,missense,2,0,1,0.0,0.5
463,synonymous,4,1,2,0.25,0.5
464,missense,9,1,4,0.1111111111111111,0.4444444444444444
464,synonymous,4,0,2,0.0,0.5
465,missense,9,0,2,0.0,0.2222222222222222
466,missense,9,2,7,0.2222222222222222,0.7777777777777778
466,synonymous,1,0,0,0.0,0.0
467,missense,5,2,2,0.4,0.4
467,synonymous,5,1,2,0.2,0.4
468,missense,3,1,2,0.3333333333333333,0.6666666666666666
468,synonymous,2,0,2,0.0,1.0
469,missense,5,2,2,0.4,0.4
469,synonymous,4,1,3,0.25,0.75
470,missense,4,0,1,0.0,0.25
470,synonymous,7,1,3,0.14285714285714285,0.42857142857142855
471,missense,4,0,3,0.0,0.75
471,synonymous,2,0,1,0.0,0.5
472,missense,7,1,5,0.14285714285714285,0.7142857142857143
472,synonymous,2,1,2,0.5,1.0
473,missense,4,1,2,0.25,0.5
473,synonymous,1,0,1,0.0,1.0
474,missense,1,0,0,0.0,0.0
474,synonymous,2,0,1,0.0,0.5
475,missense,2,0,1,0.0,0.5
475,synonymous,5,0,2,0.0,0.4
476,missense,4,1,3,0.25,0.75
476,synonymous,5,1,2,0.2,0.4
477,missense,10,1,4,0.1,0.4
477,synonymous,5,0,0,0.0,0.0
478,missense,6,0,3,0.0,0.5
478,synonymous,9,3,4,0.3333333333333333,0.4444444444444444
479,missense,1,0,0,0.0,0.0
479,synonymous,11,1,6,0.09090909090909091,0.5454545454545454
480,missense,6,0,2,0.0,0.3333333333333333
480,synonymous,11,1,5,0.09090909090909091,0.45454545454545453
481,missense,9,1,3,0.1111111111111111,0.3333333333333333
481,synonymous,13,2,7,0.15384615384615385,0.5384615384615384
482,missense,11,1,4,0.09090909090909091,0.36363636363636365
482,synonymous,6,1,2,0.16666666666666666,0.3333333333333333
483,missense,3,0,1,0.0,0.3333333333333333
483,synonymous,4,1,1,0.25,0.25
484,missense,10,1,4,0.1,0.4
484,synonymous,4,0,2,0.0,0.5
485,missense,13,3,5,0.23076923076923078,0.38461538461538464
485,synonymous,18,2,7,0.1111111111111111,0.3888888888888889
486,missense,3,0,2,0.0,0.6666666666666666
486,synonymous,5,0,2,0.0,0.4
487,missense,6,0,3,0.0,0.5
487,synonymous,4,0,3,0.0,0.75
488,missense,2,0,0,0.0,0.0
488,synonymous,2,0,0,0.0,0.0
489,missense,9,2,4,0.2222222222222222,0.4444444444444444
489,synonymous,9,1,6,0.1111111111111111,0.6666666666666666
490,missense,4,0,2,0.0,0.5
490,synonymous,7,2,5,0.2857142857142857,0.7142857142857143
491,missense,1,0,0,0.0,0.0
491,synonymous,14,1,3,0.07142857142857142,0.21428571428571427
492,synonymous,1,0,1,0.0,1.0
493,missense,3,0,1,0.0,0.3333333333333333
493,synonymous,4,0,1,0.0,0.25
494,missense,3,1,1,0.3333333333333333,0.3333333333333333
494,synonymous,6,2,4,0.3333333333333333,0.6666666666666666
495,missense,4,0,1,0.0,0.25
495,synonymous,3,0,2,0.0,0.6666666666666666
496,missense,5,2,4,0.4,0.8
496,synonymous,1,0,0,0.0,0.0
497,synonymous,3,0,1,0.0,0.3333333333333333
498,synonymous,2,1,2,0.5,1.0
499,missense,5,1,3,0.2,0.6
499,synonymous,4,0,3,0.0,0.75
500,missense,4,0,1,0.0,0.25
500,synonymous,4,0,1,0.0,0.25
501,missense,8,1,5,0.125,0.625
501,synonymous,3,0,3,0.0,1.0
502,missense,5,1,2,0.2,0.4
502,synonymous,12,2,9,0.16666666666666666,0.75
503,missense,6,1,2,0.16666666666666666,0.3333333333333333
503,synonymous,2,0,0,0.0,0.0
504,missense,14,2,7,0.14285714285714285,0.5
504,synonymous,3,0,0,0.0,0.0
505,missense,5,0,1,0.0,0.2
505,synonymous,3,0,3,0.0,1.0
506,missense,2,0,0,0.0,0.0
506,synonymous,1,0,0,0.0,0.0
507,missense,3,0,0,0.0,0.0
507,synonymous,1,0,0,0.0,0.0
508,missense,2,0,1,0.0,0.5
509,missense,6,0,1,0.0,0.16666666666666666
509,synonymous,3,0,1,0.0,0.3333333333333333
510,missense,3,0,0,0.0,0.0
510,synonymous,2,0,0,0.0,0.0
511,missense,3,1,2,0.3333333333333333,0.6666666666666666
512,missense,1,0,0,0.0,0.0
513,missense,2,0,0,0.0,0.0
518,missense,3,0,0,0.0,0.0
520,missense,2,0,0,0.0,0.0
520,synonymous,1,0,0,0.0,0.0
521,missense,3,1,1,0.3333333333333333,0.3333333333333333
521,synonymous,8,0,2,0.0,0.25
522,synonymous,4,0,0,0.0,0.0
523,missense,1,0,1,0.0,1.0
523,synonymous,1,0,0,0.0,0.0
525,missense,1,0,0,0.0,0.0
525,synonymous,3,0,1,0.0,0.3333333333333333
526,missense,2,0,0,0.0,0.0
527,missense,1,0,0,0.0,0.0
527,synonymous,2,0,1,0.0,0.5
528,missense,1,0,1,0.0,1.0
528,synonymous,2,0,0,0.0,0.0
529,missense,7,0,1,0.0,0.14285714285714285
529,synonymous,1,0,1,0.0,1.0
530,missense,5,0,3,0.0,0.6
530,synonymous,7,1,3,0.14285714285714285,0.42857142857142855
531,missense,6,0,0,0.0,0.0
531,synonymous,2,1,2,0.5,1.0
541,synonymous,1,0,0,0.0,0.0
542,synonymous,1,0,0,0.0,0.0
543,missense,1,0,0,0.0,0.0
543,synonymous,2,0,1,0.0,0.5
544,missense,2,0,1,0.0,0.5
545,missense,2,0,1,0.0,0.5
545,synonymous,3,0,1,0.0,0.3333333333333333
546,missense,2,0,1,0.0,0.5
546,synonymous,2,0,1,0.0,0.5
550,missense,1,0,0,0.0,0.0
552,missense,5,1,1,0.2,0.2
552,synonymous,9,1,6,0.1111111111111111,0.6666666666666666
553,missense,5,1,2,0.2,0.4
553,synonymous,21,4,9,0.19047619047619047,0.42857142857142855
554,missense,7,1,2,0.14285714285714285,0.2857142857142857
554,synonymous,4,0,1,0.0,0.25
555,missense,6,1,2,0.16666666666666666,0.3333333333333333
555,synonymous,6,1,2,0.16666666666666666,0.3333333333333333
556,missense,8,0,2,0.0,0.25
557,missense,6,0,2,0.0,0.3333333333333333
557,synonymous,5,0,2,0.0,0.4
558,missense,7,1,3,0.14285714285714285,0.42857142857142855
558,synonymous,6,0,2,0.0,0.3333333333333333
559,missense,4,0,2,0.0,0.5
559,synonymous,4,1,2,0.25,0.5
560,missense,5,2,2,0.4,0.4
560,synonymous,4,0,1,0.0,0.25
561,missense,10,1,4,0.1,0.4
561,synonymous,4,1,3,0.25,0.75
562,missense,2,0,2,0.0,1.0
562,synonymous,3,0,1,0.0,0.3333333333333333
563,missense,3,0,0,0.0,0.0
563,synonymous,1,0,0,0.0,0.0
564,missense,1,0,0,0.0,0.0
565,missense,2,1,1,0.5,0.5
565,synonymous,2,0,0,0.0,0.0
566,missense,1,1,1,1.0,1.0
566,synonymous,2,0,1,0.0,0.5
567,missense,1,0,0,0.0,0.0
567,synonymous,2,1,1,0.5,0.5
568,missense,3,0,1,0.0,0.3333333333333333
569,missense,1,0,1,0.0,1.0
569,synonymous,2,0,0,0.0,0.0
572,synonymous,1,0,0,0.0,0.0
575,missense,1,0,0,0.0,0.0
575,synonymous,1,0,0,0.0,0.0
