amino_acid_position,mutation_type,median_slope_YPD,median_slope_YPD+IAA,slope_YPD,slope_YPD+IAA,slope_adj_YPD,slope_adj_YPD+IAA,depletion,hit,n_barcodes,n_support,n_agree,pct_support,pct_agree
1,PTC,-0.40313808895656056,-0.08793141424017752,-0.36281739189516377,-1.235623508875528,0.04032069706139679,-1.1476920946353506,True,True,4,2,2,0.5,0.5
45,missense,-0.40313808895656056,-0.08793141424017752,-0.0424736620753892,-2.5788033230975085,0.36066442688117134,-2.490871908857331,True,True,1,1,1,1.0,1.0
72,missense,-0.40313808895656056,-0.08793141424017752,-0.38434854477864394,-1.9943115048951074,0.018789544177916617,-1.90638009065493,True,True,2,2,2,1.0,1.0
85,missense,-0.40313808895656056,-0.08793141424017752,-0.41255289510270987,-2.6804497247931023,-0.009414806146149313,-2.592518310552925,True,True,1,1,1,1.0,1.0
89,synonymous,-0.40313808895656056,-0.08793141424017752,-0.38668564685340834,-2.2732234445590365,0.01645244210315222,-2.185292030318859,True,True,1,1,1,1.0,1.0
131,missense,-0.40313808895656056,-0.08793141424017752,-0.3906180429802447,-2.012756078550185,0.012520045976315841,-1.9248246643100075,True,True,8,6,7,0.75,0.875
200,PTC,-0.40313808895656056,-0.08793141424017752,-0.5629355908837675,-2.3701077090794676,-0.159797501927207,-2.28217629483929,True,True,6,6,6,1.0,1.0
300,PTC,-0.40313808895656056,-0.08793141424017752,-0.26809778873522605,-1.9046374883296442,0.1350403002213345,-1.8167060740894667,True,True,1,1,1,1.0,1.0
339,missense,-0.40313808895656056,-0.08793141424017752,-0.3956812542073521,-1.802409525312712,0.007456834749208441,-1.7144781110725344,True,True,4,3,4,0.75,1.0
340,missense,-0.40313808895656056,-0.08793141424017752,-0.32763449921813026,-1.7400145055990892,0.0755035897384303,-1.6520830913589117,True,True,8,8,8,1.0,1.0
342,missense,-0.40313808895656056,-0.08793141424017752,-0.4285376846987022,-1.6367275699723933,-0.025399595742141623,-1.5487961557322159,True,True,7,5,7,0.7142857142857143,1.0
403,missense,-0.40313808895656056,-0.08793141424017752,-0.3520585309725412,-1.2451052755059133,0.051079557984019364,-1.1571738612657358,True,True,4,4,4,1.0,1.0
406,missense,-0.40313808895656056,-0.08793141424017752,-0.41113209127318434,-1.3666429858179272,-0.007994002316623783,-1.2787115715777497,True,True,4,4,4,1.0,1.0
409,missense,-0.40313808895656056,-0.08793141424017752,-0.4125325091376814,-1.0747969935361947,-0.009394420181120855,-0.9868655792960173,True,True,2,2,2,1.0,1.0
421,missense,-0.40313808895656056,-0.08793141424017752,-0.40141223666830433,-1.1327442075504286,0.0017258522882562244,-1.0448127933102511,True,True,1,1,1,1.0,1.0
428,missense,-0.40313808895656056,-0.08793141424017752,-0.4220017916958792,-2.5934779387687468,-0.018863702739318644,-2.5055465245285693,True,True,1,1,1,1.0,1.0
430,missense,-0.40313808895656056,-0.08793141424017752,-0.4397547704545465,-1.625853269323856,-0.036616681497985915,-1.5379218550836786,True,True,3,2,2,0.6666666666666666,0.6666666666666666
444,missense,-0.40313808895656056,-0.08793141424017752,-0.418770927130161,-1.0736379248355137,-0.01563283817360045,-0.9857065105953362,True,True,3,2,3,0.6666666666666666,1.0
445,missense,-0.40313808895656056,-0.08793141424017752,-0.4473373469338258,-1.1746025269063463,-0.04419925797726526,-1.0866711126661688,True,True,2,1,2,0.5,1.0
460,missense,-0.40313808895656056,-0.08793141424017752,-0.4258057802084147,-1.4982803810305723,-0.02266769125185414,-1.4103489667903948,True,True,1,1,1,1.0,1.0
566,missense,-0.40313808895656056,-0.08793141424017752,-0.40733090597712235,-1.7961462831450974,-0.00419281702056179,-1.70821486890492,True,True,1,1,1,1.0,1.0
